com,167447411
tk,19226618
cn,18661712
net,16476395
de,13381471
org,12854168
uk,10611334
ru,7573083
info,7395183
top,6954036
xyz,4399220
ga,4296074
fr,4201338
cf,4080619
icu,4051348
nl,3825525
eu,3750257
ml,3676305
loan,3546875
ca,3064065
us,3015729
gq,2929550
au,2817306
biz,2814094
co,2495239
it,2463202
tw,2361056
pl,2307803
club,2278205
br,2277959
in,2255275
site,2198354
online,1943608
es,1762619
wang,1605728
za,1520567
se,1480301
vip,1376161
cz,1263038
jp,1254532
be,1169228
me,1162341
at,1150530
dk,1077082
cc,1024874
ch,997642
win,877038
shop,867954
kr,796350
work,780881
app,757770
live,739331
ir,735794
mx,696464
pw,670567
no,633993
space,598991
mobi,581015
nz,562821
buzz,562070
io,560935
ro,550347
men,549623
website,531752
hu,522615
ua,520295
fun,506033
tv,493967
cl,476696
bid,467854
store,459810
tech,452274
pro,449098
fi,444674
ar,407679
ltd,405275
nu,387549
asia,381983
gdn,355205
sk,347672
tr,334515
vn,330403
id,324853
link,319019
ws,304353
life,300301
gr,299803
blog,279051
stream,266780
ie,264107
xin,252537
cloud,244593
tokyo,243532
il,241626
trade,208851
hk,204638
kiwi,201540
review,195979
dev,195547
party,186866
kz,183154
ae,181484
my,175666
date,172803
world,167921
su,163307
pt,153962
lt,149225
host,146563
ph,143344
download,141053
ng,138589
design,136528
name,133120
email,131840
today,131217
click,128998
rocks,126355
accountant,124386
sg,120276
fit,117965
cat,117167
ooo,112673
tel,107701
solutions,104682
ke,103327
science,100059
one,99837
xxx,99406
ee,99309
group,98513
bar,97343
by,96062
realtor,95991
press,95471
racing,93994
company,91800
agency,89878
fm,89006
london,87834
best,87698
nyc,86917
ovh,86771
news,85773
lv,83555
guru,83012
la,82885
page,82469
rs,81504
art,80099
vg,80042
monster,79966
webcam,78408
faith,76316
services,73989
studio,71131
network,70335
business,69794
digital,67205
pe,66261
global,65468
media,63866
photography,61902
pub,60710
hr,60223
red,59539
ai,59467
berlin,57307
realty,55830
pk,55113
center,54457
uz,54397
ren,54010
city,52983
lu,52281
th,51519
ve,50503
ink,48678
jobs,47365
ninja,46295
academy,45472
rest,45048
expert,43427
technology,43225
uy,41667
is,40912
zone,39111
systems,37775
love,37353
tips,37002
team,36658
bg,35955
video,35813